"","Date","Visitor","away_goals","Home","home_goals"
"1","2021-10-12","Pittsburgh Penguins",6,"Tampa Bay Lightning",2
"2","2021-10-12","Seattle Kraken",3,"Vegas Golden Knights",4
"3","2021-10-13","Winnipeg Jets",1,"Anaheim Ducks",4
"4","2021-10-13","Chicago Blackhawks",2,"Colorado Avalanche",4
"5","2021-10-13","Vancouver Canucks",2,"Edmonton Oilers",3
"6","2021-10-13","Montreal Canadiens",1,"Toronto Maple Leafs",2
"7","2021-10-13","New York Rangers",1,"Washington Capitals",5
"8","2021-10-14","Montreal Canadiens",1,"Buffalo Sabres",5
"9","2021-10-14","New York Islanders",3,"Carolina Hurricanes",6
"10","2021-10-14","Arizona Coyotes",2,"Columbus Blue Jackets",8
"11","2021-10-14","Tampa Bay Lightning",7,"Detroit Red Wings",6
"12","2021-10-14","Pittsburgh Penguins",4,"Florida Panthers",5
"13","2021-10-14","Vegas Golden Knights",2,"Los Angeles Kings",6
"14","2021-10-14","Seattle Kraken",4,"Nashville Predators",3
"15","2021-10-14","Dallas Stars",3,"New York Rangers",2
"16","2021-10-14","Toronto Maple Leafs",2,"Ottawa Senators",3
"17","2021-10-15","Minnesota Wild",2,"Anaheim Ducks",1
"18","2021-10-15","Chicago Blackhawks",3,"New Jersey Devils",4
"19","2021-10-15","Vancouver Canucks",5,"Philadelphia Flyers",4
"20","2021-10-16","Dallas Stars",1,"Boston Bruins",3
"21","2021-10-16","Arizona Coyotes",1,"Buffalo Sabres",2
"22","2021-10-16","Seattle Kraken",1,"Columbus Blue Jackets",2
"23","2021-10-16","St. Louis Blues",5,"Colorado Avalanche",3
"24","2021-10-16","Vancouver Canucks",1,"Detroit Red Wings",3
"25","2021-10-16","Calgary Flames",2,"Edmonton Oilers",5
"26","2021-10-16","New York Islanders",1,"Florida Panthers",5
"27","2021-10-16","Minnesota Wild",3,"Los Angeles Kings",2
"28","2021-10-16","New York Rangers",3,"Montreal Canadiens",1
"29","2021-10-16","Carolina Hurricanes",3,"Nashville Predators",2
"30","2021-10-16","Chicago Blackhawks",2,"Pittsburgh Penguins",5
"31","2021-10-16","Winnipeg Jets",3,"San Jose Sharks",4
"32","2021-10-16","Ottawa Senators",1,"Toronto Maple Leafs",3
"33","2021-10-16","Tampa Bay Lightning",2,"Washington Capitals",1
"34","2021-10-17","Dallas Stars",2,"Ottawa Senators",3
"35","2021-10-18","St. Louis Blues",7,"Arizona Coyotes",4
"36","2021-10-18","Anaheim Ducks",3,"Calgary Flames",2
"37","2021-10-18","Seattle Kraken",1,"Philadelphia Flyers",6
"38","2021-10-18","New York Rangers",2,"Toronto Maple Leafs",1
"39","2021-10-19","Vancouver Canucks",2,"Buffalo Sabres",5
"40","2021-10-19","New York Islanders",4,"Chicago Blackhawks",1
"41","2021-10-19","Columbus Blue Jackets",1,"Detroit Red Wings",4
"42","2021-10-19","Anaheim Ducks",5,"Edmonton Oilers",6
"43","2021-10-19","Winnipeg Jets",5,"Minnesota Wild",6
"44","2021-10-19","San Jose Sharks",5,"Montreal Canadiens",0
"45","2021-10-19","Seattle Kraken",2,"New Jersey Devils",4
"46","2021-10-19","Los Angeles Kings",1,"Nashville Predators",2
"47","2021-10-19","Dallas Stars",2,"Pittsburgh Penguins",1
"48","2021-10-19","Florida Panthers",4,"Tampa Bay Lightning",1
"49","2021-10-19","Colorado Avalanche",3,"Washington Capitals",6
"50","2021-10-20","Boston Bruins",3,"Philadelphia Flyers",6
"51","2021-10-20","St. Louis Blues",3,"Vegas Golden Knights",1
"52","2021-10-21","Edmonton Oilers",5,"Arizona Coyotes",1
"53","2021-10-21","New York Islanders",2,"Columbus Blue Jackets",3
"54","2021-10-21","Vancouver Canucks",4,"Chicago Blackhawks",1
"55","2021-10-21","Calgary Flames",3,"Detroit Red Wings",0
"56","2021-10-21","Colorado Avalanche",1,"Florida Panthers",4
"57","2021-10-21","Carolina Hurricanes",4,"Montreal Canadiens",1
"58","2021-10-21","Washington Capitals",4,"New Jersey Devils",1
"59","2021-10-21","New York Rangers",3,"Nashville Predators",1
"60","2021-10-21","San Jose Sharks",2,"Ottawa Senators",1
"61","2021-10-21","Anaheim Ducks",1,"Winnipeg Jets",5
"62","2021-10-22","Boston Bruins",4,"Buffalo Sabres",1
"63","2021-10-22","Los Angeles Kings",2,"Dallas Stars",3
"64","2021-10-22","San Jose Sharks",5,"Toronto Maple Leafs",3
"65","2021-10-22","Edmonton Oilers",5,"Vegas Golden Knights",3
"66","2021-10-23","New York Islanders",3,"Arizona Coyotes",0
"67","2021-10-23","Carolina Hurricanes",5,"Columbus Blue Jackets",1
"68","2021-10-23","Anaheim Ducks",3,"Minnesota Wild",4
"69","2021-10-23","Detroit Red Wings",1,"Montreal Canadiens",6
"70","2021-10-23","Buffalo Sabres",1,"New Jersey Devils",2
"71","2021-10-23","New York Rangers",3,"Ottawa Senators",2
"72","2021-10-23","Florida Panthers",4,"Philadelphia Flyers",2
"73","2021-10-23","Toronto Maple Leafs",1,"Pittsburgh Penguins",7
"74","2021-10-23","Vancouver Canucks",4,"Seattle Kraken",2
"75","2021-10-23","Los Angeles Kings",3,"St. Louis Blues",7
"76","2021-10-23","Colorado Avalanche",4,"Tampa Bay Lightning",3
"77","2021-10-23","Nashville Predators",4,"Winnipeg Jets",6
"78","2021-10-23","Calgary Flames",4,"Washington Capitals",3
"79","2021-10-24","San Jose Sharks",3,"Boston Bruins",4
"80","2021-10-24","Detroit Red Wings",6,"Chicago Blackhawks",3
"81","2021-10-24","Nashville Predators",5,"Minnesota Wild",2
"82","2021-10-24","New York Islanders",2,"Vegas Golden Knights",0
"83","2021-10-25","Tampa Bay Lightning",1,"Buffalo Sabres",5
"84","2021-10-25","Toronto Maple Leafs",1,"Carolina Hurricanes",4
"85","2021-10-25","Dallas Stars",1,"Columbus Blue Jackets",4
"86","2021-10-25","Arizona Coyotes",3,"Florida Panthers",5
"87","2021-10-25","Calgary Flames",5,"New York Rangers",1
"88","2021-10-25","Washington Capitals",7,"Ottawa Senators",5
"89","2021-10-25","Los Angeles Kings",0,"St. Louis Blues",3
"90","2021-10-26","Winnipeg Jets",4,"Anaheim Ducks",3
"91","2021-10-26","Vegas Golden Knights",3,"Colorado Avalanche",1
"92","2021-10-26","Calgary Flames",5,"New Jersey Devils",3
"93","2021-10-26","San Jose Sharks",1,"Nashville Predators",3
"94","2021-10-26","Tampa Bay Lightning",5,"Pittsburgh Penguins",1
"95","2021-10-26","Montreal Canadiens",1,"Seattle Kraken",5
"96","2021-10-26","Minnesota Wild",3,"Vancouver Canucks",2
"97","2021-10-27","Toronto Maple Leafs",3,"Chicago Blackhawks",2
"98","2021-10-27","Vegas Golden Knights",3,"Dallas Stars",2
"99","2021-10-27","Philadelphia Flyers",5,"Edmonton Oilers",3
"100","2021-10-27","Boston Bruins",1,"Florida Panthers",4
"101","2021-10-27","Detroit Red Wings",3,"Washington Capitals",2
"102","2021-10-28","Buffalo Sabres",4,"Anaheim Ducks",3
"103","2021-10-28","Boston Bruins",0,"Carolina Hurricanes",3
"104","2021-10-28","Winnipeg Jets",3,"Los Angeles Kings",2
"105","2021-10-28","Calgary Flames",4,"Pittsburgh Penguins",0
"106","2021-10-28","Minnesota Wild",1,"Seattle Kraken",4
"107","2021-10-28","Montreal Canadiens",4,"San Jose Sharks",0
"108","2021-10-28","Colorado Avalanche",4,"St. Louis Blues",3
"109","2021-10-28","Arizona Coyotes",1,"Tampa Bay Lightning",5
"110","2021-10-28","Philadelphia Flyers",2,"Vancouver Canucks",1
"111","2021-10-29","Chicago Blackhawks",3,"Carolina Hurricanes",6
"112","2021-10-29","Ottawa Senators",4,"Dallas Stars",1
"113","2021-10-29","Florida Panthers",3,"Detroit Red Wings",2
"114","2021-10-29","Columbus Blue Jackets",0,"New York Rangers",4
"115","2021-10-29","Anaheim Ducks",4,"Vegas Golden Knights",5
"116","2021-10-29","Arizona Coyotes",0,"Washington Capitals",2
"117","2021-10-30","Florida Panthers",2,"Boston Bruins",3
"118","2021-10-30","Philadelphia Flyers",0,"Calgary Flames",4
"119","2021-10-30","Minnesota Wild",1,"Colorado Avalanche",4
"120","2021-10-30","Montreal Canadiens",2,"Los Angeles Kings",5
"121","2021-10-30","New York Islanders",2,"Nashville Predators",3
"122","2021-10-30","New Jersey Devils",4,"Pittsburgh Penguins",2
"123","2021-10-30","Winnipeg Jets",1,"San Jose Sharks",2
"124","2021-10-30","Chicago Blackhawks",0,"St. Louis Blues",1
"125","2021-10-30","Detroit Red Wings",4,"Toronto Maple Leafs",5
"126","2021-10-30","Edmonton Oilers",2,"Vancouver Canucks",1
"127","2021-10-31","Montreal Canadiens",2,"Anaheim Ducks",4
"128","2021-10-31","Arizona Coyotes",1,"Carolina Hurricanes",2
"129","2021-10-31","Buffalo Sabres",2,"Los Angeles Kings",3
"130","2021-10-31","Columbus Blue Jackets",4,"New Jersey Devils",3
"131","2021-10-31","New York Rangers",3,"Seattle Kraken",1
"132","2021-11-01","Ottawa Senators",1,"Chicago Blackhawks",5
"133","2021-11-01","Seattle Kraken",2,"Edmonton Oilers",5
"134","2021-11-01","Washington Capitals",2,"Tampa Bay Lightning",3
"135","2021-11-02","New Jersey Devils",0,"Anaheim Ducks",4
"136","2021-11-02","Nashville Predators",3,"Calgary Flames",2
"137","2021-11-02","Ottawa Senators",4,"Minnesota Wild",5
"138","2021-11-02","Detroit Red Wings",0,"Montreal Canadiens",3
"139","2021-11-02","Arizona Coyotes",0,"Philadelphia Flyers",3
"140","2021-11-02","Buffalo Sabres",3,"San Jose Sharks",5
"141","2021-11-02","Vegas Golden Knights",0,"Toronto Maple Leafs",4
"142","2021-11-02","New York Rangers",2,"Vancouver Canucks",3
"143","2021-11-02","Dallas Stars",3,"Winnipeg Jets",4
"144","2021-11-03","Carolina Hurricanes",4,"Chicago Blackhawks",3
"145","2021-11-03","Columbus Blue Jackets",5,"Colorado Avalanche",4
"146","2021-11-03","Nashville Predators",2,"Edmonton Oilers",5
"147","2021-11-03","St. Louis Blues",2,"Los Angeles Kings",3
"148","2021-11-04","Detroit Red Wings",1,"Boston Bruins",5
"149","2021-11-04","Dallas Stars",4,"Calgary Flames",3
"150","2021-11-04","Washington Capitals",4,"Florida Panthers",5
"151","2021-11-04","New York Islanders",6,"Montreal Canadiens",2
"152","2021-11-04","Vegas Golden Knights",5,"Ottawa Senators",1
"153","2021-11-04","Philadelphia Flyers",2,"Pittsburgh Penguins",3
"154","2021-11-04","Buffalo Sabres",2,"Seattle Kraken",5
"155","2021-11-04","St. Louis Blues",5,"San Jose Sharks",3
"156","2021-11-04","Tampa Bay Lightning",1,"Toronto Maple Leafs",2
"157","2021-11-05","Arizona Coyotes",1,"Anaheim Ducks",3
"158","2021-11-05","New York Rangers",5,"Edmonton Oilers",6
"159","2021-11-05","New Jersey Devils",2,"Los Angeles Kings",3
"160","2021-11-05","Nashville Predators",3,"Vancouver Canucks",2
"161","2021-11-05","Chicago Blackhawks",1,"Winnipeg Jets",5
"162","2021-11-06","Seattle Kraken",4,"Arizona Coyotes",5
"163","2021-11-06","Detroit Red Wings",4,"Buffalo Sabres",3
"164","2021-11-06","Colorado Avalanche",2,"Columbus Blue Jackets",4
"165","2021-11-06","New York Rangers",0,"Calgary Flames",6
"166","2021-11-06","Carolina Hurricanes",2,"Florida Panthers",5
"167","2021-11-06","Vegas Golden Knights",5,"Montreal Canadiens",2
"168","2021-11-06","Tampa Bay Lightning",5,"Ottawa Senators",3
"169","2021-11-06","Minnesota Wild",5,"Pittsburgh Penguins",4
"170","2021-11-06","New Jersey Devils",3,"San Jose Sharks",2
"171","2021-11-06","Boston Bruins",2,"Toronto Maple Leafs",5
"172","2021-11-06","New York Islanders",2,"Winnipeg Jets",0
"173","2021-11-06","Philadelphia Flyers",2,"Washington Capitals",1
"174","2021-11-07","St. Louis Blues",1,"Anaheim Ducks",4
"175","2021-11-07","Nashville Predators",1,"Chicago Blackhawks",2
"176","2021-11-07","Vegas Golden Knights",2,"Detroit Red Wings",5
"177","2021-11-07","New York Islanders",2,"Minnesota Wild",5
"178","2021-11-07","Dallas Stars",3,"Vancouver Canucks",6
"179","2021-11-08","Florida Panthers",3,"New York Rangers",4
"180","2021-11-08","Los Angeles Kings",5,"Toronto Maple Leafs",1
"181","2021-11-08","Buffalo Sabres",3,"Washington Capitals",5
"182","2021-11-09","Ottawa Senators",2,"Boston Bruins",3
"183","2021-11-09","San Jose Sharks",4,"Calgary Flames",1
"184","2021-11-09","Pittsburgh Penguins",2,"Chicago Blackhawks",3
"185","2021-11-09","Edmonton Oilers",2,"Detroit Red Wings",4
"186","2021-11-09","Los Angeles Kings",3,"Montreal Canadiens",2
"187","2021-11-09","Florida Panthers",3,"New Jersey Devils",7
"188","2021-11-09","Carolina Hurricanes",2,"Tampa Bay Lightning",1
"189","2021-11-09","Anaheim Ducks",3,"Vancouver Canucks",2
"190","2021-11-09","Seattle Kraken",2,"Vegas Golden Knights",4
"191","2021-11-09","St. Louis Blues",3,"Winnipeg Jets",2
"192","2021-11-10","Minnesota Wild",5,"Arizona Coyotes",2
"193","2021-11-10","Nashville Predators",4,"Dallas Stars",2
"194","2021-11-10","Toronto Maple Leafs",3,"Philadelphia Flyers",0
"195","2021-11-11","Edmonton Oilers",5,"Boston Bruins",3
"196","2021-11-11","Vancouver Canucks",1,"Colorado Avalanche",7
"197","2021-11-11","Washington Capitals",2,"Detroit Red Wings",0
"198","2021-11-11","Calgary Flames",2,"Montreal Canadiens",4
"199","2021-11-11","New York Islanders",0,"New Jersey Devils",4
"200","2021-11-11","Los Angeles Kings",2,"Ottawa Senators",0
"201","2021-11-11","Florida Panthers",2,"Pittsburgh Penguins",3
"202","2021-11-11","Anaheim Ducks",7,"Seattle Kraken",4
"203","2021-11-11","Nashville Predators",4,"St. Louis Blues",3
"204","2021-11-11","Minnesota Wild",2,"Vegas Golden Knights",3
"205","2021-11-11","San Jose Sharks",1,"Winnipeg Jets",4
"206","2021-11-12","Edmonton Oilers",2,"Buffalo Sabres",3
"207","2021-11-12","Philadelphia Flyers",2,"Carolina Hurricanes",1
"208","2021-11-12","Washington Capitals",4,"Columbus Blue Jackets",3
"209","2021-11-12","Arizona Coyotes",1,"Chicago Blackhawks",2
"210","2021-11-12","Calgary Flames",1,"Toronto Maple Leafs",2
"211","2021-11-13","Toronto Maple Leafs",5,"Buffalo Sabres",4
"212","2021-11-13","St. Louis Blues",2,"Carolina Hurricanes",3
"213","2021-11-13","New York Rangers",5,"Columbus Blue Jackets",3
"214","2021-11-13","San Jose Sharks",2,"Colorado Avalanche",6
"215","2021-11-13","Philadelphia Flyers",2,"Dallas Stars",5
"216","2021-11-13","Montreal Canadiens",2,"Detroit Red Wings",3
"217","2021-11-13","Boston Bruins",5,"New Jersey Devils",2
"218","2021-11-13","Arizona Coyotes",1,"Nashville Predators",4
"219","2021-11-13","Pittsburgh Penguins",3,"Ottawa Senators",6
"220","2021-11-13","Minnesota Wild",4,"Seattle Kraken",2
"221","2021-11-13","Florida Panthers",2,"Tampa Bay Lightning",3
"222","2021-11-13","Vancouver Canucks",4,"Vegas Golden Knights",7
"223","2021-11-13","Los Angeles Kings",2,"Winnipeg Jets",3
"224","2021-11-14","Vancouver Canucks",1,"Anaheim Ducks",5
"225","2021-11-14","Montreal Canadiens",2,"Boston Bruins",5
"226","2021-11-14","New Jersey Devils",3,"New York Rangers",4
"227","2021-11-14","Calgary Flames",4,"Ottawa Senators",0
"228","2021-11-14","Edmonton Oilers",5,"St. Louis Blues",4
"229","2021-11-14","Pittsburgh Penguins",1,"Washington Capitals",6
"230","2021-11-15","Detroit Red Wings",3,"Columbus Blue Jackets",5
"231","2021-11-15","New York Islanders",1,"Tampa Bay Lightning",4
"232","2021-11-16","Washington Capitals",2,"Anaheim Ducks",3
"233","2021-11-16","Detroit Red Wings",2,"Dallas Stars",5
"234","2021-11-16","New York Islanders",1,"Florida Panthers",6
"235","2021-11-16","San Jose Sharks",4,"Minnesota Wild",1
"236","2021-11-16","Montreal Canadiens",2,"New York Rangers",3
"237","2021-11-16","Calgary Flames",1,"Philadelphia Flyers",2
"238","2021-11-16","Buffalo Sabres",2,"Pittsburgh Penguins",1
"239","2021-11-16","Arizona Coyotes",3,"St. Louis Blues",2
"240","2021-11-16","Nashville Predators",0,"Toronto Maple Leafs",3
"241","2021-11-16","Carolina Hurricanes",4,"Vegas Golden Knights",2
"242","2021-11-16","Edmonton Oilers",2,"Winnipeg Jets",5
"243","2021-11-17","Washington Capitals",2,"Los Angeles Kings",0
"244","2021-11-17","Chicago Blackhawks",4,"Seattle Kraken",2
"245","2021-11-17","Colorado Avalanche",4,"Vancouver Canucks",2
"246","2021-11-18","Carolina Hurricanes",2,"Anaheim Ducks",1
"247","2021-11-18","Columbus Blue Jackets",5,"Arizona Coyotes",4
"248","2021-11-18","Calgary Flames",5,"Buffalo Sabres",0
"249","2021-11-18","Winnipeg Jets",1,"Edmonton Oilers",2
"250","2021-11-18","New Jersey Devils",1,"Florida Panthers",4
"251","2021-11-18","Dallas Stars",2,"Minnesota Wild",7
"252","2021-11-18","Pittsburgh Penguins",6,"Montreal Canadiens",0
"253","2021-11-18","Tampa Bay Lightning",4,"Philadelphia Flyers",3
"254","2021-11-18","San Jose Sharks",1,"St. Louis Blues",4
"255","2021-11-18","New York Rangers",1,"Toronto Maple Leafs",2
"256","2021-11-18","Detroit Red Wings",2,"Vegas Golden Knights",5
"257","2021-11-19","Colorado Avalanche",7,"Seattle Kraken",3
"258","2021-11-19","Winnipeg Jets",2,"Vancouver Canucks",3
"259","2021-11-20","Detroit Red Wings",1,"Arizona Coyotes",2
"260","2021-11-20","St. Louis Blues",1,"Dallas Stars",4
"261","2021-11-20","Chicago Blackhawks",2,"Edmonton Oilers",5
"262","2021-11-20","Minnesota Wild",4,"Florida Panthers",5
"263","2021-11-20","Carolina Hurricanes",5,"Los Angeles Kings",4
"264","2021-11-20","Nashville Predators",3,"Montreal Canadiens",6
"265","2021-11-20","Calgary Flames",5,"New York Islanders",2
"266","2021-11-20","Boston Bruins",5,"Philadelphia Flyers",2
"267","2021-11-20","Washington Capitals",4,"San Jose Sharks",0
"268","2021-11-20","New Jersey Devils",5,"Tampa Bay Lightning",3
"269","2021-11-20","Pittsburgh Penguins",2,"Toronto Maple Leafs",0
"270","2021-11-20","Columbus Blue Jackets",2,"Vegas Golden Knights",3
"271","2021-11-21","Calgary Flames",4,"Boston Bruins",0
"272","2021-11-21","Arizona Coyotes",2,"Los Angeles Kings",1
"273","2021-11-21","Toronto Maple Leafs",3,"New York Islanders",0
"274","2021-11-21","Buffalo Sabres",4,"New York Rangers",5
"275","2021-11-21","Washington Capitals",2,"Seattle Kraken",5
"276","2021-11-21","Minnesota Wild",4,"Tampa Bay Lightning",5
"277","2021-11-21","Chicago Blackhawks",1,"Vancouver Canucks",0
"278","2021-11-22","Columbus Blue Jackets",7,"Buffalo Sabres",4
"279","2021-11-22","Ottawa Senators",5,"Colorado Avalanche",7
"280","2021-11-22","Anaheim Ducks",2,"Nashville Predators",3
"281","2021-11-22","Carolina Hurricanes",1,"San Jose Sharks",2
"282","2021-11-22","Vegas Golden Knights",2,"St. Louis Blues",5
"283","2021-11-22","Pittsburgh Penguins",3,"Winnipeg Jets",1
"284","2021-11-23","Chicago Blackhawks",2,"Calgary Flames",5
"285","2021-11-23","Edmonton Oilers",1,"Dallas Stars",4
"286","2021-11-23","Philadelphia Flyers",0,"Tampa Bay Lightning",4
"287","2021-11-24","Edmonton Oilers",5,"Arizona Coyotes",3
"288","2021-11-24","Boston Bruins",5,"Buffalo Sabres",1
"289","2021-11-24","Winnipeg Jets",0,"Columbus Blue Jackets",3
"290","2021-11-24","Anaheim Ducks",2,"Colorado Avalanche",5
"291","2021-11-24","St. Louis Blues",2,"Detroit Red Wings",4
"292","2021-11-24","Philadelphia Flyers",1,"Florida Panthers",2
"293","2021-11-24","Toronto Maple Leafs",6,"Los Angeles Kings",2
"294","2021-11-24","Minnesota Wild",3,"New Jersey Devils",2
"295","2021-11-24","Vegas Golden Knights",5,"Nashville Predators",2
"296","2021-11-24","New York Rangers",4,"New York Islanders",1
"297","2021-11-24","Vancouver Canucks",1,"Pittsburgh Penguins",4
"298","2021-11-24","Carolina Hurricanes",1,"Seattle Kraken",2
"299","2021-11-24","Ottawa Senators",3,"San Jose Sharks",6
"300","2021-11-24","Montreal Canadiens",3,"Washington Capitals",6
"301","2021-11-26","Ottawa Senators",0,"Anaheim Ducks",4
"302","2021-11-26","New York Rangers",5,"Boston Bruins",2
"303","2021-11-26","Montreal Canadiens",1,"Buffalo Sabres",4
"304","2021-11-26","Vancouver Canucks",2,"Columbus Blue Jackets",4
"305","2021-11-26","St. Louis Blues",2,"Chicago Blackhawks",3
"306","2021-11-26","Colorado Avalanche",1,"Dallas Stars",3
"307","2021-11-26","Winnipeg Jets",1,"Minnesota Wild",7
"308","2021-11-26","New Jersey Devils",2,"Nashville Predators",4
"309","2021-11-26","Pittsburgh Penguins",1,"New York Islanders",0
"310","2021-11-26","Carolina Hurricanes",6,"Philadelphia Flyers",3
"311","2021-11-26","Toronto Maple Leafs",4,"San Jose Sharks",1
"312","2021-11-26","Seattle Kraken",0,"Tampa Bay Lightning",3
"313","2021-11-26","Florida Panthers",3,"Washington Capitals",4
"314","2021-11-27","Dallas Stars",3,"Arizona Coyotes",2
"315","2021-11-27","Winnipeg Jets",4,"Calgary Flames",2
"316","2021-11-27","Nashville Predators",2,"Colorado Avalanche",6
"317","2021-11-27","Buffalo Sabres",2,"Detroit Red Wings",3
"318","2021-11-27","Seattle Kraken",4,"Florida Panthers",1
"319","2021-11-27","Ottawa Senators",2,"Los Angeles Kings",4
"320","2021-11-27","Montreal Canadiens",6,"Pittsburgh Penguins",3
"321","2021-11-27","Columbus Blue Jackets",3,"St. Louis Blues",6
"322","2021-11-27","Edmonton Oilers",3,"Vegas Golden Knights",2
"323","2021-11-28","Toronto Maple Leafs",5,"Anaheim Ducks",1
"324","2021-11-28","Vancouver Canucks",2,"Boston Bruins",3
"325","2021-11-28","Washington Capitals",4,"Carolina Hurricanes",2
"326","2021-11-28","San Jose Sharks",2,"Chicago Blackhawks",0
"327","2021-11-28","Tampa Bay Lightning",2,"Minnesota Wild",4
"328","2021-11-28","Philadelphia Flyers",2,"New Jersey Devils",5
"329","2021-11-29","Seattle Kraken",7,"Buffalo Sabres",4
"330","2021-11-29","Pittsburgh Penguins",1,"Calgary Flames",2
"331","2021-11-29","Vancouver Canucks",2,"Montreal Canadiens",1
"332","2021-11-29","Arizona Coyotes",1,"Winnipeg Jets",0
"333","2021-11-30","Detroit Red Wings",2,"Boston Bruins",1
"334","2021-11-30","Carolina Hurricanes",1,"Dallas Stars",4
"335","2021-11-30","Washington Capitals",4,"Florida Panthers",5
"336","2021-11-30","Anaheim Ducks",5,"Los Angeles Kings",4
"337","2021-11-30","Arizona Coyotes",2,"Minnesota Wild",5
"338","2021-11-30","San Jose Sharks",5,"New Jersey Devils",2
"339","2021-11-30","Columbus Blue Jackets",0,"Nashville Predators",6
"340","2021-11-30","Tampa Bay Lightning",3,"St. Louis Blues",4
"341","2021-12-01","Vegas Golden Knights",5,"Anaheim Ducks",6
"342","2021-12-01","Seattle Kraken",3,"Detroit Red Wings",4
"343","2021-12-01","Pittsburgh Penguins",2,"Edmonton Oilers",5
"344","2021-12-01","Philadelphia Flyers",1,"New York Rangers",4
"345","2021-12-01","Vancouver Canucks",6,"Ottawa Senators",2
"346","2021-12-01","Colorado Avalanche",3,"Toronto Maple Leafs",8
"347","2021-12-02","Ottawa Senators",3,"Carolina Hurricanes",2
"348","2021-12-02","Columbus Blue Jackets",2,"Dallas Stars",3
"349","2021-12-02","Buffalo Sabres",4,"Florida Panthers",7
"350","2021-12-02","Calgary Flames",3,"Los Angeles Kings",2
"351","2021-12-02","New Jersey Devils",2,"Minnesota Wild",5
"352","2021-12-02","Colorado Avalanche",4,"Montreal Canadiens",1
"353","2021-12-02","Boston Bruins",2,"Nashville Predators",0
"354","2021-12-02","San Jose Sharks",2,"New York Islanders",1
"355","2021-12-02","St. Louis Blues",2,"Tampa Bay Lightning",4
"356","2021-12-02","Chicago Blackhawks",4,"Washington Capitals",3
"357","2021-12-03","Calgary Flames",4,"Anaheim Ducks",3
"358","2021-12-03","Vegas Golden Knights",7,"Arizona Coyotes",1
"359","2021-12-03","San Jose Sharks",0,"New York Rangers",1
"360","2021-12-03","Edmonton Oilers",3,"Seattle Kraken",4
"361","2021-12-03","New Jersey Devils",4,"Winnipeg Jets",8
"362","2021-12-04","Tampa Bay Lightning",3,"Boston Bruins",2
"363","2021-12-04","Buffalo Sabres",2,"Carolina Hurricanes",6
"364","2021-12-04","New York Islanders",3,"Detroit Red Wings",4
"365","2021-12-04","St. Louis Blues",3,"Florida Panthers",4
"366","2021-12-04","Toronto Maple Leafs",3,"Minnesota Wild",4
"367","2021-12-04","Montreal Canadiens",3,"Nashville Predators",4
"368","2021-12-04","Chicago Blackhawks",2,"New York Rangers",3
"369","2021-12-04","Colorado Avalanche",5,"Ottawa Senators",6
"370","2021-12-04","Pittsburgh Penguins",4,"Vancouver Canucks",1
"371","2021-12-04","Columbus Blue Jackets",1,"Washington Capitals",3
"372","2021-12-05","San Jose Sharks",4,"Columbus Blue Jackets",6
"373","2021-12-05","Los Angeles Kings",5,"Edmonton Oilers",1
"374","2021-12-05","Chicago Blackhawks",3,"New York Islanders",2
"375","2021-12-05","Tampa Bay Lightning",7,"Philadelphia Flyers",1
"376","2021-12-05","Calgary Flames",2,"Vegas Golden Knights",3
"377","2021-12-05","Toronto Maple Leafs",3,"Winnipeg Jets",6
"378","2021-12-06","Arizona Coyotes",1,"Dallas Stars",4
"379","2021-12-06","Ottawa Senators",3,"New Jersey Devils",2
"380","2021-12-06","Colorado Avalanche",7,"Philadelphia Flyers",5
"381","2021-12-06","Pittsburgh Penguins",6,"Seattle Kraken",1
"382","2021-12-06","Los Angeles Kings",0,"Vancouver Canucks",4
"383","2021-12-06","Anaheim Ducks",3,"Washington Capitals",4
"384","2021-12-07","Anaheim Ducks",2,"Buffalo Sabres",0
"385","2021-12-07","New York Rangers",6,"Chicago Blackhawks",2
"386","2021-12-07","Nashville Predators",5,"Detroit Red Wings",2
"387","2021-12-07","Minnesota Wild",4,"Edmonton Oilers",1
"388","2021-12-07","Tampa Bay Lightning",3,"Montreal Canadiens",2
"389","2021-12-07","New York Islanders",5,"Ottawa Senators",3
"390","2021-12-07","Calgary Flames",3,"San Jose Sharks",5
"391","2021-12-07","Florida Panthers",3,"St. Louis Blues",4
"392","2021-12-07","Columbus Blue Jackets",4,"Toronto Maple Leafs",5
"393","2021-12-07","Carolina Hurricanes",4,"Winnipeg Jets",2
"394","2021-12-08","Philadelphia Flyers",0,"New Jersey Devils",3
"395","2021-12-08","Colorado Avalanche",7,"New York Rangers",3
"396","2021-12-08","Boston Bruins",1,"Vancouver Canucks",2
"397","2021-12-08","Dallas Stars",4,"Vegas Golden Knights",5
"398","2021-12-09","Anaheim Ducks",2,"Columbus Blue Jackets",1
"399","2021-12-09","Carolina Hurricanes",2,"Calgary Flames",1
"400","2021-12-09","Boston Bruins",3,"Edmonton Oilers",2
"401","2021-12-09","Dallas Stars",0,"Los Angeles Kings",4
"402","2021-12-09","Chicago Blackhawks",2,"Montreal Canadiens",0
"403","2021-12-09","Nashville Predators",4,"New York Islanders",3
"404","2021-12-09","Winnipeg Jets",3,"Seattle Kraken",0
"405","2021-12-09","Minnesota Wild",5,"San Jose Sharks",2
"406","2021-12-09","Detroit Red Wings",2,"St. Louis Blues",6
"407","2021-12-09","Tampa Bay Lightning",5,"Toronto Maple Leafs",3
"408","2021-12-10","Florida Panthers",3,"Arizona Coyotes",1
"409","2021-12-10","New York Rangers",2,"Buffalo Sabres",1
"410","2021-12-10","Detroit Red Wings",3,"Colorado Avalanche",7
"411","2021-12-10","Nashville Predators",3,"New Jersey Devils",2
"412","2021-12-10","Winnipeg Jets",3,"Vancouver Canucks",4
"413","2021-12-10","Philadelphia Flyers",4,"Vegas Golden Knights",3
"414","2021-12-10","Pittsburgh Penguins",4,"Washington Capitals",2
"415","2021-12-11","Philadelphia Flyers",5,"Arizona Coyotes",3
"416","2021-12-11","Washington Capitals",3,"Buffalo Sabres",2
"417","2021-12-11","Boston Bruins",4,"Calgary Flames",2
"418","2021-12-11","Carolina Hurricanes",3,"Edmonton Oilers",1
"419","2021-12-11","Minnesota Wild",1,"Los Angeles Kings",2
"420","2021-12-11","New Jersey Devils",2,"New York Islanders",4
"421","2021-12-11","Tampa Bay Lightning",0,"Ottawa Senators",4
"422","2021-12-11","Anaheim Ducks",0,"Pittsburgh Penguins",1
"423","2021-12-11","Columbus Blue Jackets",5,"Seattle Kraken",4
"424","2021-12-11","Dallas Stars",1,"San Jose Sharks",2
"425","2021-12-11","Montreal Canadiens",1,"St. Louis Blues",4
"426","2021-12-11","Chicago Blackhawks",4,"Toronto Maple Leafs",5
"427","2021-12-12","Florida Panthers",2,"Colorado Avalanche",3
"428","2021-12-12","Nashville Predators",1,"New York Rangers",0
"429","2021-12-12","Anaheim Ducks",3,"St. Louis Blues",2
"430","2021-12-12","Carolina Hurricanes",1,"Vancouver Canucks",2
"431","2021-12-12","Minnesota Wild",4,"Vegas Golden Knights",6
"432","2021-12-14","Vegas Golden Knights",4,"Boston Bruins",1
"433","2021-12-14","New York Rangers",2,"Colorado Avalanche",4
"434","2021-12-14","St. Louis Blues",4,"Dallas Stars",1
"435","2021-12-14","New York Islanders",1,"Detroit Red Wings",2
"436","2021-12-14","Toronto Maple Leafs",5,"Edmonton Oilers",1
"437","2021-12-14","Ottawa Senators",8,"Florida Panthers",2
"438","2021-12-14","New Jersey Devils",1,"Philadelphia Flyers",6
"439","2021-12-14","Montreal Canadiens",2,"Pittsburgh Penguins",5
"440","2021-12-14","Seattle Kraken",3,"San Jose Sharks",1
"441","2021-12-14","Los Angeles Kings",2,"Tampa Bay Lightning",3
"442","2021-12-14","Columbus Blue Jackets",3,"Vancouver Canucks",4
"443","2021-12-14","Buffalo Sabres",4,"Winnipeg Jets",2
"444","2021-12-15","Seattle Kraken",1,"Anaheim Ducks",4
"445","2021-12-15","New York Rangers",3,"Arizona Coyotes",2
"446","2021-12-15","Washington Capitals",4,"Chicago Blackhawks",5
"447","2021-12-16","Detroit Red Wings",3,"Carolina Hurricanes",5
"448","2021-12-16","Columbus Blue Jackets",2,"Edmonton Oilers",5
"449","2021-12-16","Los Angeles Kings",4,"Florida Panthers",1
"450","2021-12-16","Buffalo Sabres",3,"Minnesota Wild",2
"451","2021-12-16","Philadelphia Flyers",2,"Montreal Canadiens",3
"452","2021-12-16","Vegas Golden Knights",5,"New Jersey Devils",3
"453","2021-12-16","Colorado Avalanche",2,"Nashville Predators",5
"454","2021-12-16","Boston Bruins",1,"New York Islanders",3
"455","2021-12-16","Vancouver Canucks",5,"San Jose Sharks",2
"456","2021-12-16","Ottawa Senators",1,"Tampa Bay Lightning",2
"457","2021-12-17","Arizona Coyotes",6,"Anaheim Ducks",5
"458","2021-12-17","Nashville Predators",3,"Chicago Blackhawks",2
"459","2021-12-17","Vegas Golden Knights",3,"New York Rangers",2
"460","2021-12-17","Buffalo Sabres",2,"Pittsburgh Penguins",3
"461","2021-12-17","Dallas Stars",1,"St. Louis Blues",4
"462","2021-12-17","Washington Capitals",5,"Winnipeg Jets",2
"463","2021-12-18","Los Angeles Kings",1,"Carolina Hurricanes",5
"464","2021-12-18","Chicago Blackhawks",3,"Dallas Stars",4
"465","2021-12-18","New Jersey Devils",2,"Detroit Red Wings",5
"466","2021-12-18","Ottawa Senators",3,"Philadelphia Flyers",4
"467","2021-12-18","Edmonton Oilers",5,"Seattle Kraken",3
"468","2021-12-19","Pittsburgh Penguins",3,"New Jersey Devils",2
"469","2021-12-19","Vegas Golden Knights",4,"New York Islanders",3
"470","2021-12-19","St. Louis Blues",2,"Winnipeg Jets",4
"471","2021-12-19","Los Angeles Kings",3,"Washington Capitals",2
"472","2021-12-20","Minnesota Wild",4,"Dallas Stars",7
"473","2021-12-21","Tampa Bay Lightning",4,"Vegas Golden Knights",3
"474","2021-12-28","Vegas Golden Knights",6,"Los Angeles Kings",3
"475","2021-12-28","Arizona Coyotes",7,"San Jose Sharks",8
"476","2021-12-28","Montreal Canadiens",4,"Tampa Bay Lightning",5
"477","2021-12-29","Vancouver Canucks",2,"Anaheim Ducks",1
"478","2021-12-29","New Jersey Devils",4,"Buffalo Sabres",3
"479","2021-12-29","New York Rangers",3,"Florida Panthers",4
"480","2021-12-29","Philadelphia Flyers",3,"Seattle Kraken",2
"481","2021-12-29","Edmonton Oilers",2,"St. Louis Blues",4
"482","2021-12-29","Nashville Predators",3,"Washington Capitals",5
"483","2021-12-30","Montreal Canadiens",0,"Carolina Hurricanes",4
"484","2021-12-30","Nashville Predators",3,"Columbus Blue Jackets",4
"485","2021-12-30","Tampa Bay Lightning",3,"Florida Panthers",9
"486","2021-12-30","Vancouver Canucks",1,"Los Angeles Kings",2
"487","2021-12-30","Buffalo Sabres",1,"New York Islanders",4
"488","2021-12-30","Calgary Flames",6,"Seattle Kraken",4
"489","2021-12-30","Philadelphia Flyers",2,"San Jose Sharks",3
"490","2021-12-31","Washington Capitals",3,"Detroit Red Wings",1
"491","2021-12-31","Edmonton Oilers",5,"New Jersey Devils",6
"492","2021-12-31","New York Rangers",4,"Tampa Bay Lightning",3
"493","2021-12-31","Anaheim Ducks",1,"Vegas Golden Knights",3
"494","2022-01-01","Buffalo Sabres",3,"Boston Bruins",4
"495","2022-01-01","Carolina Hurricanes",7,"Columbus Blue Jackets",4
"496","2022-01-01","Montreal Canadiens",2,"Florida Panthers",5
"497","2022-01-01","Philadelphia Flyers",3,"Los Angeles Kings",6
"498","2022-01-01","St. Louis Blues",6,"Minnesota Wild",4
"499","2022-01-01","Chicago Blackhawks",1,"Nashville Predators",6
"500","2022-01-01","Edmonton Oilers",2,"New York Islanders",3
"501","2022-01-01","Vancouver Canucks",5,"Seattle Kraken",2
"502","2022-01-01","Ottawa Senators",0,"Toronto Maple Leafs",6
"503","2022-01-02","Calgary Flames",5,"Chicago Blackhawks",1
"504","2022-01-02","Anaheim Ducks",2,"Colorado Avalanche",4
"505","2022-01-02","Boston Bruins",5,"Detroit Red Wings",1
"506","2022-01-02","Tampa Bay Lightning",0,"New York Rangers",4
"507","2022-01-02","San Jose Sharks",5,"Pittsburgh Penguins",8
"508","2022-01-02","Winnipeg Jets",5,"Vegas Golden Knights",4
"509","2022-01-02","New Jersey Devils",4,"Washington Capitals",3
"510","2022-01-03","Edmonton Oilers",1,"New York Rangers",4
"511","2022-01-04","Philadelphia Flyers",1,"Anaheim Ducks",4
"512","2022-01-04","Winnipeg Jets",3,"Arizona Coyotes",1
"513","2022-01-04","New Jersey Devils",3,"Boston Bruins",5
"514","2022-01-04","Tampa Bay Lightning",7,"Columbus Blue Jackets",2
"515","2022-01-04","Colorado Avalanche",4,"Chicago Blackhawks",3
"516","2022-01-04","San Jose Sharks",2,"Detroit Red Wings",6
"517","2022-01-04","Calgary Flames",2,"Florida Panthers",6
"518","2022-01-04","Nashville Predators",3,"Vegas Golden Knights",2
"519","2022-01-05","St. Louis Blues",3,"Pittsburgh Penguins",5
"520","2022-01-05","Edmonton Oilers",2,"Toronto Maple Leafs",4
"521","2022-01-06","Chicago Blackhawks",4,"Arizona Coyotes",6
"522","2022-01-06","Minnesota Wild",3,"Boston Bruins",2
"523","2022-01-06","San Jose Sharks",3,"Buffalo Sabres",2
"524","2022-01-06","Winnipeg Jets",1,"Colorado Avalanche",7
"525","2022-01-06","Florida Panthers",5,"Dallas Stars",6
"526","2022-01-06","Nashville Predators",4,"Los Angeles Kings",2
"527","2022-01-06","Columbus Blue Jackets",1,"New Jersey Devils",3
"528","2022-01-06","Pittsburgh Penguins",6,"Philadelphia Flyers",2
"529","2022-01-06","Calgary Flames",1,"Tampa Bay Lightning",4
"530","2022-01-06","New York Rangers",1,"Vegas Golden Knights",5
"531","2022-01-07","Calgary Flames",3,"Carolina Hurricanes",6
"532","2022-01-07","Washington Capitals",1,"St. Louis Blues",5
"533","2022-01-08","New York Rangers",4,"Anaheim Ducks",1
"534","2022-01-08","Nashville Predators",4,"Arizona Coyotes",2
"535","2022-01-08","Florida Panthers",4,"Carolina Hurricanes",3
"536","2022-01-08","New Jersey Devils",3,"Columbus Blue Jackets",4
"537","2022-01-08","Toronto Maple Leafs",4,"Colorado Avalanche",5
"538","2022-01-08","Pittsburgh Penguins",2,"Dallas Stars",3
"539","2022-01-08","Detroit Red Wings",0,"Los Angeles Kings",4
"540","2022-01-08","Washington Capitals",2,"Minnesota Wild",3
"541","2022-01-08","San Jose Sharks",3,"Philadelphia Flyers",2
"542","2022-01-08","Boston Bruins",5,"Tampa Bay Lightning",2
"543","2022-01-08","Chicago Blackhawks",2,"Vegas Golden Knights",1
"544","2022-01-09","Detroit Red Wings",3,"Anaheim Ducks",4
"545","2022-01-09","Dallas Stars",1,"St. Louis Blues",2
"546","2022-01-10","Seattle Kraken",3,"Colorado Avalanche",4
"547","2022-01-10","New York Rangers",1,"Los Angeles Kings",3
"548","2022-01-10","Boston Bruins",7,"Washington Capitals",3
"549","2022-01-11","Pittsburgh Penguins",4,"Anaheim Ducks",1
"550","2022-01-11","Tampa Bay Lightning",6,"Buffalo Sabres",1
"551","2022-01-11","Chicago Blackhawks",4,"Columbus Blue Jackets",2
"552","2022-01-11","Vancouver Canucks",2,"Florida Panthers",5
"553","2022-01-11","Colorado Avalanche",4,"Nashville Predators",5
"554","2022-01-11","Detroit Red Wings",2,"San Jose Sharks",3
"555","2022-01-11","Toronto Maple Leafs",4,"Vegas Golden Knights",3
"556","2022-01-12","Toronto Maple Leafs",1,"Arizona Coyotes",2
"557","2022-01-12","Montreal Canadiens",1,"Boston Bruins",5
"558","2022-01-12","Seattle Kraken",2,"Dallas Stars",5
"559","2022-01-13","Philadelphia Flyers",2,"Boston Bruins",3
"560","2022-01-13","Columbus Blue Jackets",6,"Carolina Hurricanes",0
"561","2022-01-13","Ottawa Senators",4,"Calgary Flames",1
"562","2022-01-13","Montreal Canadiens",2,"Chicago Blackhawks",3
"563","2022-01-13","Winnipeg Jets",3,"Detroit Red Wings",0
"564","2022-01-13","Pittsburgh Penguins",2,"Los Angeles Kings",6
"565","2022-01-13","Buffalo Sabres",4,"Nashville Predators",1
"566","2022-01-13","New Jersey Devils",2,"New York Islanders",3
"567","2022-01-13","New York Rangers",3,"San Jose Sharks",0
"568","2022-01-13","Seattle Kraken",1,"St. Louis Blues",2
"569","2022-01-13","Vancouver Canucks",2,"Tampa Bay Lightning",4
"570","2022-01-14","Arizona Coyotes",3,"Colorado Avalanche",4
"571","2022-01-14","Dallas Stars",1,"Florida Panthers",7
"572","2022-01-14","Anaheim Ducks",3,"Minnesota Wild",7
"573","2022-01-15","Colorado Avalanche",5,"Arizona Coyotes",0
"574","2022-01-15","Nashville Predators",3,"Boston Bruins",4
"575","2022-01-15","Vancouver Canucks",1,"Carolina Hurricanes",4
"576","2022-01-15","Anaheim Ducks",0,"Chicago Blackhawks",3
"577","2022-01-15","Buffalo Sabres",0,"Detroit Red Wings",4
"578","2022-01-15","Ottawa Senators",6,"Edmonton Oilers",4
"579","2022-01-15","Columbus Blue Jackets",2,"Florida Panthers",9
"580","2022-01-15","Washington Capitals",2,"New York Islanders",0
"581","2022-01-15","New York Rangers",3,"Philadelphia Flyers",2
"582","2022-01-15","Los Angeles Kings",3,"Seattle Kraken",1
"583","2022-01-15","Pittsburgh Penguins",2,"San Jose Sharks",1
"584","2022-01-15","Toronto Maple Leafs",6,"St. Louis Blues",5
"585","2022-01-15","Dallas Stars",1,"Tampa Bay Lightning",3
"586","2022-01-16","Vancouver Canucks",4,"Washington Capitals",2
"587","2022-01-17","Montreal Canadiens",2,"Arizona Coyotes",5
"588","2022-01-17","Detroit Red Wings",3,"Buffalo Sabres",2
"589","2022-01-17","Minnesota Wild",3,"Colorado Avalanche",4
"590","2022-01-17","Philadelphia Flyers",1,"New York Islanders",4
"591","2022-01-17","Chicago Blackhawks",2,"Seattle Kraken",3
"592","2022-01-17","Los Angeles Kings",2,"San Jose Sharks",6
"593","2022-01-17","Nashville Predators",3,"St. Louis Blues",5
"594","2022-01-17","Pittsburgh Penguins",5,"Vegas Golden Knights",3
"595","2022-01-18","Carolina Hurricanes",7,"Boston Bruins",1
"596","2022-01-18","Florida Panthers",1,"Calgary Flames",5
"597","2022-01-18","Montreal Canadiens",5,"Dallas Stars",3
"598","2022-01-18","Tampa Bay Lightning",6,"Los Angeles Kings",4
"599","2022-01-18","Vancouver Canucks",3,"Nashville Predators",1
"600","2022-01-18","Buffalo Sabres",3,"Ottawa Senators",1
"601","2022-01-18","New York Islanders",4,"Philadelphia Flyers",3
"602","2022-01-18","Winnipeg Jets",3,"Washington Capitals",4
"603","2022-01-19","Colorado Avalanche",2,"Anaheim Ducks",0
"604","2022-01-19","Arizona Coyotes",4,"New Jersey Devils",1
"605","2022-01-19","Toronto Maple Leafs",3,"New York Rangers",6
"606","2022-01-20","Washington Capitals",3,"Boston Bruins",4
"607","2022-01-20","Dallas Stars",5,"Buffalo Sabres",4
"608","2022-01-20","Florida Panthers",6,"Edmonton Oilers",0
"609","2022-01-20","Colorado Avalanche",4,"Los Angeles Kings",1
"610","2022-01-20","Winnipeg Jets",2,"Nashville Predators",5
"611","2022-01-20","Columbus Blue Jackets",2,"Philadelphia Flyers",1
"612","2022-01-20","Ottawa Senators",4,"Pittsburgh Penguins",6
"613","2022-01-20","San Jose Sharks",2,"Seattle Kraken",3
"614","2022-01-20","Montreal Canadiens",3,"Vegas Golden Knights",4
"615","2022-01-21","Tampa Bay Lightning",1,"Anaheim Ducks",5
"616","2022-01-21","New York Rangers",3,"Carolina Hurricanes",6
"617","2022-01-21","Pittsburgh Penguins",5,"Columbus Blue Jackets",2
"618","2022-01-21","Minnesota Wild",5,"Chicago Blackhawks",1
"619","2022-01-21","Dallas Stars",5,"Detroit Red Wings",4
"620","2022-01-21","Arizona Coyotes",0,"New York Islanders",4
"621","2022-01-21","St. Louis Blues",5,"Seattle Kraken",0
"622","2022-01-21","Florida Panthers",2,"Vancouver Canucks",1
"623","2022-01-22","Winnipeg Jets",2,"Boston Bruins",3
"624","2022-01-22","Philadelphia Flyers",3,"Buffalo Sabres",6
"625","2022-01-22","Montreal Canadiens",2,"Colorado Avalanche",3
"626","2022-01-22","Calgary Flames",3,"Edmonton Oilers",5
"627","2022-01-22","Chicago Blackhawks",3,"Minnesota Wild",4
"628","2022-01-22","Carolina Hurricanes",4,"New Jersey Devils",7
"629","2022-01-22","Detroit Red Wings",1,"Nashville Predators",4
"630","2022-01-22","Toronto Maple Leafs",3,"New York Islanders",1
"631","2022-01-22","Arizona Coyotes",3,"New York Rangers",7
"632","2022-01-22","Tampa Bay Lightning",7,"San Jose Sharks",1
"633","2022-01-22","Ottawa Senators",2,"Washington Capitals",3
"634","2022-01-23","Ottawa Senators",2,"Columbus Blue Jackets",1
"635","2022-01-23","Los Angeles Kings",3,"New Jersey Devils",2
"636","2022-01-23","Winnipeg Jets",2,"Pittsburgh Penguins",3
"637","2022-01-23","Florida Panthers",3,"Seattle Kraken",5
"638","2022-01-23","St. Louis Blues",3,"Vancouver Canucks",1
"639","2022-01-24","Anaheim Ducks",5,"Boston Bruins",3
"640","2022-01-24","St. Louis Blues",1,"Calgary Flames",7
"641","2022-01-24","Chicago Blackhawks",0,"Colorado Avalanche",2
"642","2022-01-24","Montreal Canadiens",2,"Minnesota Wild",8
"643","2022-01-24","Los Angeles Kings",2,"New York Rangers",3
"644","2022-01-24","Dallas Stars",3,"Philadelphia Flyers",1
"645","2022-01-24","Vegas Golden Knights",1,"Washington Capitals",0
"646","2022-01-25","Vegas Golden Knights",3,"Carolina Hurricanes",4
"647","2022-01-25","Dallas Stars",5,"New Jersey Devils",1
"648","2022-01-25","Philadelphia Flyers",3,"New York Islanders",4
"649","2022-01-25","Buffalo Sabres",0,"Ottawa Senators",5
"650","2022-01-25","Arizona Coyotes",3,"Pittsburgh Penguins",6
"651","2022-01-25","Nashville Predators",4,"Seattle Kraken",2
"652","2022-01-25","Edmonton Oilers",3,"Vancouver Canucks",2
"653","2022-01-25","Florida Panthers",5,"Winnipeg Jets",3
"654","2022-01-26","Calgary Flames",6,"Columbus Blue Jackets",0
"655","2022-01-26","Boston Bruins",3,"Colorado Avalanche",4
"656","2022-01-26","Chicago Blackhawks",8,"Detroit Red Wings",5
"657","2022-01-26","Anaheim Ducks",3,"Toronto Maple Leafs",4
"658","2022-01-26","San Jose Sharks",4,"Washington Capitals",1
"659","2022-01-27","New York Rangers",3,"Columbus Blue Jackets",5
"660","2022-01-27","Nashville Predators",2,"Edmonton Oilers",3
"661","2022-01-27","Vegas Golden Knights",1,"Florida Panthers",4
"662","2022-01-27","Anaheim Ducks",5,"Montreal Canadiens",4
"663","2022-01-27","Los Angeles Kings",3,"New York Islanders",2
"664","2022-01-27","Carolina Hurricanes",3,"Ottawa Senators",2
"665","2022-01-27","Seattle Kraken",2,"Pittsburgh Penguins",1
"666","2022-01-27","Calgary Flames",1,"St. Louis Blues",5
"667","2022-01-27","New Jersey Devils",2,"Tampa Bay Lightning",3
"668","2022-01-27","Vancouver Canucks",5,"Winnipeg Jets",1
"669","2022-01-28","Boston Bruins",2,"Arizona Coyotes",1
"670","2022-01-28","Colorado Avalanche",6,"Chicago Blackhawks",4
"671","2022-01-28","Washington Capitals",5,"Dallas Stars",0
"672","2022-01-28","Minnesota Wild",3,"New York Rangers",2
"673","2022-01-28","Detroit Red Wings",3,"Pittsburgh Penguins",2
"674","2022-01-29","Buffalo Sabres",3,"Arizona Coyotes",1
"675","2022-01-29","New Jersey Devils",1,"Carolina Hurricanes",2
"676","2022-01-29","Vancouver Canucks",0,"Calgary Flames",1
"677","2022-01-29","Toronto Maple Leafs",7,"Detroit Red Wings",4
"678","2022-01-29","San Jose Sharks",4,"Florida Panthers",5
"679","2022-01-29","Edmonton Oilers",7,"Montreal Canadiens",2
"680","2022-01-29","Anaheim Ducks",2,"Ottawa Senators",1
"681","2022-01-29","Los Angeles Kings",3,"Philadelphia Flyers",4
"682","2022-01-29","Winnipeg Jets",4,"St. Louis Blues",1
"683","2022-01-29","Vegas Golden Knights",3,"Tampa Bay Lightning",2
"684","2022-01-30","San Jose Sharks",1,"Carolina Hurricanes",2
"685","2022-01-30","Buffalo Sabres",1,"Colorado Avalanche",4
"686","2022-01-30","Boston Bruins",1,"Dallas Stars",6
"687","2022-01-30","Columbus Blue Jackets",6,"Montreal Canadiens",3
"688","2022-01-30","Minnesota Wild",4,"New York Islanders",3
"689","2022-01-30","Seattle Kraken",2,"New York Rangers",3
"690","2022-01-30","Los Angeles Kings",4,"Pittsburgh Penguins",3
"691","2022-01-31","Florida Panthers",8,"Columbus Blue Jackets",4
"692","2022-01-31","Vancouver Canucks",3,"Chicago Blackhawks",1
"693","2022-01-31","Anaheim Ducks",1,"Detroit Red Wings",2
"694","2022-01-31","Edmonton Oilers",2,"Ottawa Senators",3
"695","2022-01-31","New Jersey Devils",4,"Toronto Maple Leafs",6
"696","2022-02-01","Seattle Kraken",2,"Boston Bruins",3
"697","2022-02-01","Arizona Coyotes",3,"Colorado Avalanche",2
"698","2022-02-01","Calgary Flames",4,"Dallas Stars",3
"699","2022-02-01","Toronto Maple Leafs",7,"New Jersey Devils",1
"700","2022-02-01","Vancouver Canucks",2,"Nashville Predators",4
"701","2022-02-01","Ottawa Senators",1,"New York Islanders",4
"702","2022-02-01","Florida Panthers",2,"New York Rangers",5
"703","2022-02-01","Winnipeg Jets",1,"Philadelphia Flyers",3
"704","2022-02-01","Washington Capitals",4,"Pittsburgh Penguins",3
"705","2022-02-01","San Jose Sharks",2,"Tampa Bay Lightning",3
"706","2022-02-01","Buffalo Sabres",2,"Vegas Golden Knights",5
"707","2022-02-02","Calgary Flames",4,"Arizona Coyotes",2
"708","2022-02-02","Minnesota Wild",5,"Chicago Blackhawks",0
"709","2022-02-02","Los Angeles Kings",5,"Detroit Red Wings",3
"710","2022-02-02","Seattle Kraken",3,"New York Islanders",0
"711","2022-02-02","Edmonton Oilers",5,"Washington Capitals",3
"712","2022-02-07","New Jersey Devils",1,"Ottawa Senators",4
"713","2022-02-07","Carolina Hurricanes",3,"Toronto Maple Leafs",4
"714","2022-02-08","Pittsburgh Penguins",4,"Boston Bruins",2
"715","2022-02-08","Vegas Golden Knights",4,"Edmonton Oilers",0
"716","2022-02-08","New Jersey Devils",7,"Montreal Canadiens",1
"717","2022-02-08","Carolina Hurricanes",3,"Ottawa Senators",4
"718","2022-02-08","Arizona Coyotes",1,"Vancouver Canucks",5
"719","2022-02-08","Minnesota Wild",0,"Winnipeg Jets",2
"720","2022-02-08","Columbus Blue Jackets",5,"Washington Capitals",4
"721","2022-02-09","Vegas Golden Knights",0,"Calgary Flames",6
"722","2022-02-09","Nashville Predators",3,"Dallas Stars",4
"723","2022-02-09","Chicago Blackhawks",4,"Edmonton Oilers",1
"724","2022-02-09","Detroit Red Wings",6,"Philadelphia Flyers",3
"725","2022-02-09","Arizona Coyotes",5,"Seattle Kraken",2
"726","2022-02-09","New York Islanders",6,"Vancouver Canucks",3
"727","2022-02-10","Carolina Hurricanes",6,"Boston Bruins",0
"728","2022-02-10","Columbus Blue Jackets",4,"Buffalo Sabres",3
"729","2022-02-10","Toronto Maple Leafs",2,"Calgary Flames",5
"730","2022-02-10","Tampa Bay Lightning",2,"Colorado Avalanche",3
"731","2022-02-10","Washington Capitals",5,"Montreal Canadiens",2
"732","2022-02-10","Pittsburgh Penguins",2,"Ottawa Senators",0
"733","2022-02-10","New Jersey Devils",7,"St. Louis Blues",4
"734","2022-02-11","Seattle Kraken",4,"Anaheim Ducks",3
"735","2022-02-11","Tampa Bay Lightning",4,"Arizona Coyotes",3
"736","2022-02-11","Winnipeg Jets",3,"Dallas Stars",4
"737","2022-02-11","New York Islanders",1,"Edmonton Oilers",3
"738","2022-02-12","New York Islanders",2,"Calgary Flames",5
"739","2022-02-12","Philadelphia Flyers",2,"Detroit Red Wings",4
"740","2022-02-12","Carolina Hurricanes",2,"Minnesota Wild",3
"741","2022-02-12","Columbus Blue Jackets",2,"Montreal Canadiens",1
"742","2022-02-12","Winnipeg Jets",5,"Nashville Predators",2
"743","2022-02-12","Boston Bruins",2,"Ottawa Senators",0
"744","2022-02-12","Chicago Blackhawks",1,"St. Louis Blues",5
"745","2022-02-12","Toronto Maple Leafs",2,"Vancouver Canucks",3
"746","2022-02-13","Colorado Avalanche",4,"Dallas Stars",0
"747","2022-02-13","Buffalo Sabres",5,"Montreal Canadiens",3
"748","2022-02-13","Pittsburgh Penguins",4,"New Jersey Devils",2
"749","2022-02-13","Ottawa Senators",4,"Washington Capitals",1
"750","2022-02-14","Detroit Red Wings",4,"Minnesota Wild",7
"751","2022-02-14","Toronto Maple Leafs",6,"Seattle Kraken",2
"752","2022-02-14","Edmonton Oilers",3,"San Jose Sharks",0
"753","2022-02-14","Chicago Blackhawks",3,"Winnipeg Jets",1
"754","2022-02-15","New York Islanders",3,"Buffalo Sabres",6
"755","2022-02-15","Columbus Blue Jackets",2,"Calgary Flames",6
"756","2022-02-15","Dallas Stars",4,"Colorado Avalanche",1
"757","2022-02-15","Edmonton Oilers",5,"Los Angeles Kings",2
"758","2022-02-15","Tampa Bay Lightning",6,"New Jersey Devils",3
"759","2022-02-15","Washington Capitals",4,"Nashville Predators",1
"760","2022-02-15","Boston Bruins",1,"New York Rangers",2
"761","2022-02-15","St. Louis Blues",5,"Ottawa Senators",2
"762","2022-02-15","Philadelphia Flyers",4,"Pittsburgh Penguins",5
"763","2022-02-16","Florida Panthers",3,"Carolina Hurricanes",2
"764","2022-02-16","Anaheim Ducks",2,"Calgary Flames",6
"765","2022-02-16","Colorado Avalanche",2,"Vegas Golden Knights",0
"766","2022-02-16","Minnesota Wild",3,"Winnipeg Jets",6
"767","2022-02-17","Ottawa Senators",3,"Buffalo Sabres",1
"768","2022-02-17","Columbus Blue Jackets",7,"Chicago Blackhawks",4
"769","2022-02-17","Anaheim Ducks",3,"Edmonton Oilers",7
"770","2022-02-17","St. Louis Blues",2,"Montreal Canadiens",3
"771","2022-02-17","Boston Bruins",1,"New York Islanders",4
"772","2022-02-17","Detroit Red Wings",3,"New York Rangers",2
"773","2022-02-17","Washington Capitals",5,"Philadelphia Flyers",3
"774","2022-02-17","Vancouver Canucks",5,"San Jose Sharks",4
"775","2022-02-17","Pittsburgh Penguins",1,"Toronto Maple Leafs",4
"776","2022-02-17","Seattle Kraken",3,"Winnipeg Jets",5
"777","2022-02-18","Nashville Predators",3,"Carolina Hurricanes",5
"778","2022-02-18","Dallas Stars",1,"Chicago Blackhawks",0
"779","2022-02-18","Florida Panthers",6,"Minnesota Wild",2
"780","2022-02-18","Los Angeles Kings",4,"Vegas Golden Knights",3
"781","2022-02-19","Los Angeles Kings",5,"Arizona Coyotes",3
"782","2022-02-19","Colorado Avalanche",5,"Buffalo Sabres",3
"783","2022-02-19","Seattle Kraken",1,"Calgary Flames",2
"784","2022-02-19","Boston Bruins",3,"Ottawa Senators",2
"785","2022-02-19","St. Louis Blues",6,"Toronto Maple Leafs",3
"786","2022-02-19","Anaheim Ducks",7,"Vancouver Canucks",4
"787","2022-02-19","Edmonton Oilers",4,"Winnipeg Jets",2
"788","2022-02-20","Dallas Stars",1,"Arizona Coyotes",3
"789","2022-02-20","Buffalo Sabres",3,"Columbus Blue Jackets",7
"790","2022-02-20","Florida Panthers",5,"Chicago Blackhawks",2
"791","2022-02-20","Minnesota Wild",7,"Edmonton Oilers",3
"792","2022-02-20","Montreal Canadiens",3,"New York Islanders",2
"793","2022-02-20","New York Rangers",2,"Ottawa Senators",1
"794","2022-02-20","Carolina Hurricanes",4,"Pittsburgh Penguins",3
"795","2022-02-20","Vegas Golden Knights",4,"San Jose Sharks",1
"796","2022-02-21","Colorado Avalanche",1,"Boston Bruins",5
"797","2022-02-21","Winnipeg Jets",1,"Calgary Flames",3
"798","2022-02-21","Toronto Maple Leafs",2,"Montreal Canadiens",5
"799","2022-02-21","Carolina Hurricanes",4,"Philadelphia Flyers",3
"800","2022-02-21","Seattle Kraken",2,"Vancouver Canucks",5
"801","2022-02-22","San Jose Sharks",3,"Anaheim Ducks",4
"802","2022-02-22","Toronto Maple Leafs",3,"Columbus Blue Jackets",4
"803","2022-02-22","Nashville Predators",6,"Florida Panthers",4
"804","2022-02-22","Minnesota Wild",3,"Ottawa Senators",4
"805","2022-02-22","St. Louis Blues",4,"Philadelphia Flyers",1
"806","2022-02-22","New York Islanders",5,"Seattle Kraken",2
"807","2022-02-23","Los Angeles Kings",3,"Arizona Coyotes",2
"808","2022-02-23","Winnipeg Jets",2,"Dallas Stars",3
"809","2022-02-23","Colorado Avalanche",5,"Detroit Red Wings",2
"810","2022-02-23","Buffalo Sabres",0,"Montreal Canadiens",4
"811","2022-02-23","Edmonton Oilers",3,"Tampa Bay Lightning",5
"812","2022-02-24","Columbus Blue Jackets",6,"Florida Panthers",3
"813","2022-02-24","Dallas Stars",1,"Nashville Predators",2
"814","2022-02-24","Washington Capitals",1,"New York Rangers",4
"815","2022-02-24","New Jersey Devils",6,"Pittsburgh Penguins",1
"816","2022-02-24","Boston Bruins",3,"Seattle Kraken",2
"817","2022-02-24","New York Islanders",3,"San Jose Sharks",4
"818","2022-02-24","Minnesota Wild",1,"Toronto Maple Leafs",3
"819","2022-02-24","Calgary Flames",1,"Vancouver Canucks",7
"820","2022-02-25","Los Angeles Kings",4,"Anaheim Ducks",1
"821","2022-02-25","Vegas Golden Knights",1,"Arizona Coyotes",3
"822","2022-02-25","Columbus Blue Jackets",0,"Carolina Hurricanes",4
"823","2022-02-25","New Jersey Devils",5,"Chicago Blackhawks",8
"824","2022-02-25","Winnipeg Jets",3,"Colorado Avalanche",6
"825","2022-02-25","Buffalo Sabres",3,"St. Louis Blues",5
"826","2022-02-26","Minnesota Wild",3,"Calgary Flames",7
"827","2022-02-26","Toronto Maple Leafs",10,"Detroit Red Wings",7
"828","2022-02-26","Edmonton Oilers",4,"Florida Panthers",3
"829","2022-02-26","New York Islanders",2,"Los Angeles Kings",5
"830","2022-02-26","Tampa Bay Lightning",3,"Nashville Predators",2
"831","2022-02-26","Montreal Canadiens",2,"Ottawa Senators",1
"832","2022-02-26","Washington Capitals",1,"Philadelphia Flyers",2
"833","2022-02-26","New York Rangers",0,"Pittsburgh Penguins",1
"834","2022-02-26","Boston Bruins",3,"San Jose Sharks",1
"835","2022-02-26","Colorado Avalanche",3,"Vegas Golden Knights",2
"836","2022-02-27","New York Islanders",4,"Anaheim Ducks",0
"837","2022-02-27","Winnipeg Jets",5,"Arizona Coyotes",3
"838","2022-02-27","Edmonton Oilers",1,"Carolina Hurricanes",2
"839","2022-02-27","Pittsburgh Penguins",3,"Columbus Blue Jackets",2
"840","2022-02-27","St. Louis Blues",4,"Chicago Blackhawks",0
"841","2022-02-27","Buffalo Sabres",2,"Dallas Stars",4
"842","2022-02-27","Vancouver Canucks",5,"New York Rangers",2
"843","2022-02-27","Seattle Kraken",1,"San Jose Sharks",3
"844","2022-02-28","Boston Bruins",7,"Los Angeles Kings",0
"845","2022-02-28","Vancouver Canucks",2,"New Jersey Devils",7
"846","2022-02-28","Toronto Maple Leafs",5,"Washington Capitals",3
"847","2022-03-01","Boston Bruins",3,"Anaheim Ducks",4
"848","2022-03-01","New Jersey Devils",3,"Columbus Blue Jackets",4
"849","2022-03-01","New York Islanders",3,"Colorado Avalanche",5
"850","2022-03-01","Carolina Hurricanes",3,"Detroit Red Wings",4
"851","2022-03-01","Calgary Flames",5,"Minnesota Wild",1
"852","2022-03-01","Edmonton Oilers",3,"Philadelphia Flyers",0
"853","2022-03-01","Ottawa Senators",2,"Tampa Bay Lightning",5
"854","2022-03-01","San Jose Sharks",1,"Vegas Golden Knights",3
"855","2022-03-01","Montreal Canadiens",4,"Winnipeg Jets",8
"856","2022-03-02","Los Angeles Kings",3,"Dallas Stars",4
"857","2022-03-02","St. Louis Blues",3,"New York Rangers",5
"858","2022-03-02","Nashville Predators",3,"Seattle Kraken",4
"859","2022-03-02","Buffalo Sabres",5,"Toronto Maple Leafs",1
"860","2022-03-03","Colorado Avalanche",1,"Arizona Coyotes",2
"861","2022-03-03","Montreal Canadiens",5,"Calgary Flames",4
"862","2022-03-03","Edmonton Oilers",3,"Chicago Blackhawks",4
"863","2022-03-03","Ottawa Senators",0,"Florida Panthers",3
"864","2022-03-03","Vancouver Canucks",4,"New York Islanders",3
"865","2022-03-03","Minnesota Wild",5,"Philadelphia Flyers",4
"866","2022-03-03","Pittsburgh Penguins",5,"Tampa Bay Lightning",1
"867","2022-03-03","Boston Bruins",5,"Vegas Golden Knights",2
"868","2022-03-03","Carolina Hurricanes",0,"Washington Capitals",4
"869","2022-03-04","Vegas Golden Knights",5,"Anaheim Ducks",4
"870","2022-03-04","Minnesota Wild",4,"Buffalo Sabres",5
"871","2022-03-04","Pittsburgh Penguins",2,"Carolina Hurricanes",3
"872","2022-03-04","Los Angeles Kings",4,"Columbus Blue Jackets",3
"873","2022-03-04","New Jersey Devils",1,"New York Rangers",3
"874","2022-03-04","Detroit Red Wings",1,"Tampa Bay Lightning",3
"875","2022-03-04","Dallas Stars",4,"Winnipeg Jets",3
"876","2022-03-05","Ottawa Senators",5,"Arizona Coyotes",8
"877","2022-03-05","Boston Bruins",5,"Columbus Blue Jackets",4
"878","2022-03-05","Calgary Flames",4,"Colorado Avalanche",3
"879","2022-03-05","Montreal Canadiens",5,"Edmonton Oilers",2
"880","2022-03-05","Detroit Red Wings",2,"Florida Panthers",6
"881","2022-03-05","St. Louis Blues",1,"New York Islanders",2
"882","2022-03-05","Chicago Blackhawks",3,"Philadelphia Flyers",4
"883","2022-03-05","Nashville Predators",8,"San Jose Sharks",0
"884","2022-03-05","Vancouver Canucks",6,"Toronto Maple Leafs",4
"885","2022-03-05","Seattle Kraken",2,"Washington Capitals",5
"886","2022-03-06","San Jose Sharks",2,"Anaheim Ducks",3
"887","2022-03-06","Los Angeles Kings",3,"Buffalo Sabres",0
"888","2022-03-06","Seattle Kraken",2,"Carolina Hurricanes",3
"889","2022-03-06","Tampa Bay Lightning",6,"Chicago Blackhawks",3
"890","2022-03-06","Dallas Stars",6,"Minnesota Wild",3
"891","2022-03-06","St. Louis Blues",2,"New Jersey Devils",3
"892","2022-03-06","Ottawa Senators",1,"Vegas Golden Knights",2
"893","2022-03-06","New York Rangers",4,"Winnipeg Jets",1
"894","2022-03-07","Los Angeles Kings",3,"Boston Bruins",2
"895","2022-03-07","Florida Panthers",6,"Buffalo Sabres",1
"896","2022-03-07","Toronto Maple Leafs",5,"Columbus Blue Jackets",4
"897","2022-03-07","Edmonton Oilers",1,"Calgary Flames",3
"898","2022-03-07","Colorado Avalanche",5,"New York Islanders",4
"899","2022-03-08","Washington Capitals",5,"Calgary Flames",4
"900","2022-03-08","Anaheim Ducks",3,"Chicago Blackhawks",8
"901","2022-03-08","Arizona Coyotes",9,"Detroit Red Wings",2
"902","2022-03-08","New York Rangers",2,"Minnesota Wild",5
"903","2022-03-08","Colorado Avalanche",3,"New Jersey Devils",5
"904","2022-03-08","Dallas Stars",1,"Nashville Predators",2
"905","2022-03-08","Vegas Golden Knights",1,"Philadelphia Flyers",2
"906","2022-03-08","Florida Panthers",4,"Pittsburgh Penguins",3
"907","2022-03-08","Ottawa Senators",4,"St. Louis Blues",1
"908","2022-03-08","Seattle Kraken",4,"Toronto Maple Leafs",6
"909","2022-03-08","Tampa Bay Lightning",4,"Winnipeg Jets",7
"910","2022-03-09","Washington Capitals",3,"Edmonton Oilers",4
"911","2022-03-09","Montreal Canadiens",3,"Vancouver Canucks",5
"912","2022-03-10","Chicago Blackhawks",3,"Boston Bruins",4
"913","2022-03-10","Vegas Golden Knights",1,"Buffalo Sabres",3
"914","2022-03-10","Colorado Avalanche",0,"Carolina Hurricanes",2
"915","2022-03-10","Tampa Bay Lightning",1,"Calgary Flames",4
"916","2022-03-10","Minnesota Wild",6,"Detroit Red Wings",5
"917","2022-03-10","Philadelphia Flyers",3,"Florida Panthers",6
"918","2022-03-10","San Jose Sharks",4,"Los Angeles Kings",3
"919","2022-03-10","Winnipeg Jets",2,"New Jersey Devils",1
"920","2022-03-10","Anaheim Ducks",1,"Nashville Predators",4
"921","2022-03-10","Columbus Blue Jackets",0,"New York Islanders",6
"922","2022-03-10","Seattle Kraken",3,"Ottawa Senators",4
"923","2022-03-10","New York Rangers",2,"St. Louis Blues",6
"924","2022-03-10","Arizona Coyotes",5,"Toronto Maple Leafs",4
"925","2022-03-11","Minnesota Wild",2,"Columbus Blue Jackets",3
"926","2022-03-11","Winnipeg Jets",2,"New York Islanders",5
"927","2022-03-11","Vegas Golden Knights",2,"Pittsburgh Penguins",5
"928","2022-03-11","Washington Capitals",4,"Vancouver Canucks",3
"929","2022-03-12","Arizona Coyotes",2,"Boston Bruins",3
"930","2022-03-12","Philadelphia Flyers",1,"Carolina Hurricanes",3
"931","2022-03-12","Detroit Red Wings",0,"Calgary Flames",3
"932","2022-03-12","New York Rangers",7,"Dallas Stars",4
"933","2022-03-12","Tampa Bay Lightning",1,"Edmonton Oilers",4
"934","2022-03-12","Seattle Kraken",4,"Montreal Canadiens",3
"935","2022-03-12","Anaheim Ducks",1,"New Jersey Devils",2
"936","2022-03-12","St. Louis Blues",7,"Nashville Predators",4
"937","2022-03-12","Chicago Blackhawks",6,"Ottawa Senators",3
"938","2022-03-12","Los Angeles Kings",0,"San Jose Sharks",5
"939","2022-03-13","Toronto Maple Leafs",2,"Buffalo Sabres",5
"940","2022-03-13","Vegas Golden Knights",4,"Columbus Blue Jackets",6
"941","2022-03-13","Calgary Flames",0,"Colorado Avalanche",3
"942","2022-03-13","Florida Panthers",2,"Los Angeles Kings",3
"943","2022-03-13","Nashville Predators",6,"Minnesota Wild",2
"944","2022-03-13","Anaheim Ducks",3,"New York Islanders",4
"945","2022-03-13","Montreal Canadiens",4,"Philadelphia Flyers",3
"946","2022-03-13","Carolina Hurricanes",2,"Pittsburgh Penguins",4
"947","2022-03-13","Winnipeg Jets",4,"St. Louis Blues",3
"948","2022-03-13","Tampa Bay Lightning",2,"Vancouver Canucks",1
"949","2022-03-14","Arizona Coyotes",5,"Ottawa Senators",3
"950","2022-03-15","Boston Bruins",2,"Chicago Blackhawks",1
"951","2022-03-15","Detroit Red Wings",5,"Edmonton Oilers",7
"952","2022-03-15","Colorado Avalanche",3,"Los Angeles Kings",0
"953","2022-03-15","Arizona Coyotes",6,"Montreal Canadiens",3
"954","2022-03-15","Pittsburgh Penguins",1,"Nashville Predators",4
"955","2022-03-15","Anaheim Ducks",3,"New York Rangers",4
"956","2022-03-15","Florida Panthers",3,"San Jose Sharks",2
"957","2022-03-15","Dallas Stars",0,"Toronto Maple Leafs",4
"958","2022-03-15","New Jersey Devils",3,"Vancouver Canucks",6
"959","2022-03-15","Vegas Golden Knights",3,"Winnipeg Jets",7
"960","2022-03-15","New York Islanders",3,"Washington Capitals",4
"961","2022-03-16","New Jersey Devils",3,"Calgary Flames",6
"962","2022-03-16","Boston Bruins",2,"Minnesota Wild",4
"963","2022-03-16","Columbus Blue Jackets",4,"Ottawa Senators",1
"964","2022-03-16","Tampa Bay Lightning",4,"Seattle Kraken",1
"965","2022-03-17","Washington Capitals",7,"Columbus Blue Jackets",2
"966","2022-03-17","Buffalo Sabres",1,"Edmonton Oilers",6
"967","2022-03-17","San Jose Sharks",0,"Los Angeles Kings",3
"968","2022-03-17","Dallas Stars",4,"Montreal Canadiens",3
"969","2022-03-17","New York Islanders",2,"New York Rangers",1
"970","2022-03-17","Nashville Predators",4,"Philadelphia Flyers",5
"971","2022-03-17","Pittsburgh Penguins",3,"St. Louis Blues",2
"972","2022-03-17","Carolina Hurricanes",2,"Toronto Maple Leafs",3
"973","2022-03-17","Detroit Red Wings",1,"Vancouver Canucks",0
"974","2022-03-17","Florida Panthers",3,"Vegas Golden Knights",5
"975","2022-03-18","Florida Panthers",3,"Anaheim Ducks",0
"976","2022-03-18","Washington Capitals",4,"Carolina Hurricanes",3
"977","2022-03-18","Buffalo Sabres",1,"Calgary Flames",0
"978","2022-03-18","Philadelphia Flyers",1,"Ottawa Senators",3
"979","2022-03-18","Colorado Avalanche",5,"San Jose Sharks",3
"980","2022-03-18","Boston Bruins",4,"Winnipeg Jets",2
"981","2022-03-19","Pittsburgh Penguins",4,"Arizona Coyotes",1
"982","2022-03-19","St. Louis Blues",4,"Columbus Blue Jackets",5
"983","2022-03-19","New Jersey Devils",3,"Edmonton Oilers",6
"984","2022-03-19","Chicago Blackhawks",1,"Minnesota Wild",3
"985","2022-03-19","Ottawa Senators",1,"Montreal Canadiens",5
"986","2022-03-19","Toronto Maple Leafs",3,"Nashville Predators",6
"987","2022-03-19","Dallas Stars",2,"New York Islanders",4
"988","2022-03-19","Detroit Red Wings",2,"Seattle Kraken",4
"989","2022-03-19","New York Rangers",2,"Tampa Bay Lightning",1
"990","2022-03-19","Calgary Flames",5,"Vancouver Canucks",2
"991","2022-03-19","Los Angeles Kings",1,"Vegas Golden Knights",5
"992","2022-03-20","New York Rangers",2,"Carolina Hurricanes",0
"993","2022-03-20","Winnipeg Jets",6,"Chicago Blackhawks",4
"994","2022-03-20","New York Islanders",1,"Philadelphia Flyers",2
"995","2022-03-20","Arizona Coyotes",2,"San Jose Sharks",4
"996","2022-03-20","Buffalo Sabres",3,"Vancouver Canucks",2
"997","2022-03-20","Dallas Stars",3,"Washington Capitals",2
"998","2022-03-21","Nashville Predators",6,"Anaheim Ducks",3
"999","2022-03-21","Edmonton Oilers",2,"Colorado Avalanche",3
"1000","2022-03-21","Vegas Golden Knights",0,"Minnesota Wild",3
"1001","2022-03-21","Boston Bruins",3,"Montreal Canadiens",2
"1002","2022-03-22","Seattle Kraken",4,"Arizona Coyotes",2
"1003","2022-03-22","Tampa Bay Lightning",2,"Carolina Hurricanes",3
"1004","2022-03-22","San Jose Sharks",4,"Calgary Flames",3
"1005","2022-03-22","Edmonton Oilers",3,"Dallas Stars",5
"1006","2022-03-22","Philadelphia Flyers",3,"Detroit Red Wings",6
"1007","2022-03-22","Nashville Predators",1,"Los Angeles Kings",6
"1008","2022-03-22","New York Rangers",4,"New Jersey Devils",7
"1009","2022-03-22","Ottawa Senators",0,"New York Islanders",3
"1010","2022-03-22","Columbus Blue Jackets",1,"Pittsburgh Penguins",5
"1011","2022-03-22","Vegas Golden Knights",0,"Winnipeg Jets",4
"1012","2022-03-22","St. Louis Blues",5,"Washington Capitals",2
"1013","2022-03-23","Chicago Blackhawks",4,"Anaheim Ducks",2
"1014","2022-03-23","Pittsburgh Penguins",3,"Buffalo Sabres",4
"1015","2022-03-23","Vancouver Canucks",3,"Colorado Avalanche",1
"1016","2022-03-23","New Jersey Devils",2,"Toronto Maple Leafs",3
"1017","2022-03-24","Tampa Bay Lightning",2,"Boston Bruins",3
"1018","2022-03-24","Dallas Stars",4,"Carolina Hurricanes",3
"1019","2022-03-24","San Jose Sharks",2,"Edmonton Oilers",5
"1020","2022-03-24","Chicago Blackhawks",4,"Los Angeles Kings",3
"1021","2022-03-24","Vancouver Canucks",2,"Minnesota Wild",3
"1022","2022-03-24","Florida Panthers",4,"Montreal Canadiens",3
"1023","2022-03-24","Detroit Red Wings",2,"New York Islanders",5
"1024","2022-03-24","Philadelphia Flyers",5,"St. Louis Blues",2
"1025","2022-03-24","Nashville Predators",1,"Vegas Golden Knights",6
"1026","2022-03-24","Ottawa Senators",5,"Winnipeg Jets",2
"1027","2022-03-25","Washington Capitals",4,"Buffalo Sabres",3
"1028","2022-03-25","Arizona Coyotes",2,"Calgary Flames",4
"1029","2022-03-25","Philadelphia Flyers",3,"Colorado Avalanche",6
"1030","2022-03-25","Pittsburgh Penguins",1,"New York Rangers",5
"1031","2022-03-25","Columbus Blue Jackets",3,"Winnipeg Jets",4
"1032","2022-03-26","New York Islanders",3,"Boston Bruins",6
"1033","2022-03-26","Edmonton Oilers",5,"Calgary Flames",9
"1034","2022-03-26","Vancouver Canucks",4,"Dallas Stars",1
"1035","2022-03-26","Tampa Bay Lightning",2,"Detroit Red Wings",1
"1036","2022-03-26","Seattle Kraken",2,"Los Angeles Kings",4
"1037","2022-03-26","Columbus Blue Jackets",2,"Minnesota Wild",3
"1038","2022-03-26","Toronto Maple Leafs",2,"Montreal Canadiens",4
"1039","2022-03-26","Florida Panthers",4,"Ottawa Senators",3
"1040","2022-03-26","Anaheim Ducks",1,"San Jose Sharks",4
"1041","2022-03-26","Carolina Hurricanes",7,"St. Louis Blues",2
"1042","2022-03-26","Chicago Blackhawks",4,"Vegas Golden Knights",5
"1043","2022-03-26","New Jersey Devils",3,"Washington Capitals",4
"1044","2022-03-27","Colorado Avalanche",2,"Minnesota Wild",3
"1045","2022-03-27","Montreal Canadiens",2,"New Jersey Devils",3
"1046","2022-03-27","Philadelphia Flyers",4,"Nashville Predators",5
"1047","2022-03-27","Tampa Bay Lightning",4,"New York Islanders",1
"1048","2022-03-27","Buffalo Sabres",4,"New York Rangers",5
"1049","2022-03-27","Detroit Red Wings",2,"Pittsburgh Penguins",11
"1050","2022-03-27","Florida Panthers",2,"Toronto Maple Leafs",5
"1051","2022-03-27","Arizona Coyotes",1,"Winnipeg Jets",2
"1052","2022-03-28","Buffalo Sabres",6,"Chicago Blackhawks",5
"1053","2022-03-28","Arizona Coyotes",1,"Edmonton Oilers",6
"1054","2022-03-28","Seattle Kraken",6,"Los Angeles Kings",1
"1055","2022-03-28","Vancouver Canucks",1,"St. Louis Blues",4
"1056","2022-03-28","Carolina Hurricanes",6,"Washington Capitals",1
"1057","2022-03-29","Dallas Stars",3,"Anaheim Ducks",2
"1058","2022-03-29","Toronto Maple Leafs",6,"Boston Bruins",4
"1059","2022-03-29","New York Islanders",4,"Columbus Blue Jackets",3
"1060","2022-03-29","Colorado Avalanche",2,"Calgary Flames",1
"1061","2022-03-29","Montreal Canadiens",4,"Florida Panthers",7
"1062","2022-03-29","Philadelphia Flyers",1,"Minnesota Wild",4
"1063","2022-03-29","Ottawa Senators",1,"Nashville Predators",4
"1064","2022-03-29","New York Rangers",3,"Pittsburgh Penguins",2
"1065","2022-03-29","Carolina Hurricanes",3,"Tampa Bay Lightning",4
"1066","2022-03-30","San Jose Sharks",2,"Arizona Coyotes",5
"1067","2022-03-30","Winnipeg Jets",3,"Buffalo Sabres",2
"1068","2022-03-30","New York Rangers",5,"Detroit Red Wings",4
"1069","2022-03-30","Los Angeles Kings",3,"Edmonton Oilers",4
"1070","2022-03-30","Vegas Golden Knights",3,"Seattle Kraken",0
"1071","2022-03-30","St. Louis Blues",4,"Vancouver Canucks",3
"1072","2022-03-31","Dallas Stars",3,"Anaheim Ducks",2
"1073","2022-03-31","New Jersey Devils",1,"Boston Bruins",8
"1074","2022-03-31","Montreal Canadiens",0,"Carolina Hurricanes",4
"1075","2022-03-31","Los Angeles Kings",3,"Calgary Flames",2
"1076","2022-03-31","San Jose Sharks",2,"Colorado Avalanche",4
"1077","2022-03-31","Chicago Blackhawks",0,"Florida Panthers",4
"1078","2022-03-31","Pittsburgh Penguins",4,"Minnesota Wild",3
"1079","2022-03-31","Columbus Blue Jackets",2,"New York Islanders",5
"1080","2022-03-31","Winnipeg Jets",3,"Toronto Maple Leafs",7
"1081","2022-04-01","Anaheim Ducks",5,"Arizona Coyotes",0
"1082","2022-04-01","Nashville Predators",3,"Buffalo Sabres",4
"1083","2022-04-01","Ottawa Senators",5,"Detroit Red Wings",2
"1084","2022-04-01","St. Louis Blues",5,"Edmonton Oilers",6
"1085","2022-04-01","New York Islanders",3,"New York Rangers",0
"1086","2022-04-01","Vegas Golden Knights",5,"Seattle Kraken",2
"1087","2022-04-01","Chicago Blackhawks",2,"Tampa Bay Lightning",5
"1088","2022-04-02","Columbus Blue Jackets",2,"Boston Bruins",5
"1089","2022-04-02","Minnesota Wild",3,"Carolina Hurricanes",1
"1090","2022-04-02","St. Louis Blues",6,"Calgary Flames",4
"1091","2022-04-02","Pittsburgh Penguins",2,"Colorado Avalanche",3
"1092","2022-04-02","Florida Panthers",7,"New Jersey Devils",6
"1093","2022-04-02","Toronto Maple Leafs",6,"Philadelphia Flyers",3
"1094","2022-04-02","Dallas Stars",5,"San Jose Sharks",4
"1095","2022-04-02","Montreal Canadiens",5,"Tampa Bay Lightning",4
"1096","2022-04-02","Los Angeles Kings",3,"Winnipeg Jets",2
"1097","2022-04-03","Edmonton Oilers",6,"Anaheim Ducks",1
"1098","2022-04-03","Florida Panthers",5,"Buffalo Sabres",3
"1099","2022-04-03","Arizona Coyotes",3,"Chicago Blackhawks",2
"1100","2022-04-03","New York Islanders",4,"New Jersey Devils",3
"1101","2022-04-03","Philadelphia Flyers",4,"New York Rangers",3
"1102","2022-04-03","Detroit Red Wings",2,"Ottawa Senators",5
"1103","2022-04-03","Dallas Stars",1,"Seattle Kraken",4
"1104","2022-04-03","Vegas Golden Knights",3,"Vancouver Canucks",2
"1105","2022-04-03","Minnesota Wild",5,"Washington Capitals",1
